{
    "test/test_heating_sources_IVT490.py::test_create_from_slope_1": {
        "k1": 2.222222222222222e-06,
        "k2": 2.9550827423167846e-06
    },
    "test/test_heating_sources_IVT490.py::test_make_initial_guess_1": [
        27.52,
        20.0,
        35.04,
        42.56
    ],
    "test/test_nordpool.py::test_fetch_nordpool_data_1": [
        120.31,
        136.03,
        148.37,
        137.69,
        154.82,
        121.42,
        28.31,
        26.27,
        22.7,
        20.36
    ],
    "test/test_opt.py::test_prepare_optimization_problem_1": [
        "size",
        "objective",
        "inequality_constraints",
        "equality_constraints",
        "bounds"
    ],
    "test/test_opt.py::test_solve_problem_1": [
        33.45910047478758,
        18.0
    ],
    "test/test_smhi.py::test_fetch_smhi_temperatures_1": [
        14.0,
        14.2,
        13.6,
        13.7,
        13.7,
        13.9,
        13.7,
        13.7,
        13.8,
        13.9,
        13.7,
        13.5,
        13.4,
        13.0,
        12.8,
        12.7,
        12.7,
        12.7,
        12.7,
        12.8,
        12.8,
        12.7,
        12.7,
        12.7,
        12.9,
        12.8,
        12.7,
        12.7,
        12.7,
        12.5,
        12.5,
        12.3,
        12.1,
        12.0,
        12.0,
        11.7,
        11.5,
        11.9,
        11.8,
        11.2,
        10.9,
        10.8,
        10.9,
        11.1,
        10.9,
        10.6,
        10.4,
        10.3,
        10.2,
        10.1,
        10.0,
        9.9,
        9.9,
        9.8,
        9.9,
        10.0,
        10.1,
        10.1,
        10.1,
        10.2,
        10.1,
        8.7,
        10.0,
        9.6,
        10.4,
        10.2,
        10.5,
        11.7,
        11.9,
        12.0,
        11.9,
        11.3,
        11.1,
        9.7,
        9.7,
        11.8,
        12.8,
        12.6,
        13.3,
        13.1,
        13.0,
        13.1
    ],
    "test/test_utils.py::test_T_eff_1": -7.052557440530164
}