{
    "test/test_dynamic_model.py::test_create_from_IVT490_settings_1": {
        "k1": 2.222222222222222e-06,
        "k2": 2.9550827423167846e-06
    },
    "test/test_opt.py::test_solve_problem_1": [
        18.000000000000014,
        27.98297137607075
    ],
    "test/test_utils.py::test_T_eff_1": -7.052557440530164
}